ImageNumber,ObjectNumber,AreaShape_Area,Intensity_IntegratedIntensity_CorrGray,Intensity_IntegratedIntensity_OrigBlot,Location_CenterMassIntensity_X_CorrGray,Location_CenterMassIntensity_X_OrigBlot,Location_CenterMassIntensity_Y_CorrGray,Location_CenterMassIntensity_Y_OrigBlot,Location_Center_X,Location_Center_Y
1,1,414,75.21209964156151,126.59308759868145,816.5434823429595,816.008728500062,125.40768771270837,125.40211911466334,815.231884057971,125.39371980676329
1,2,447,80.81502959132195,136.23923090100288,2014.4245240628663,2013.8174643752923,125.1846026874966,125.16876434889764,2012.9328859060402,125.14317673378076
1,3,441,79.8274986743927,134.3433736860752,215.38946133222498,214.7178341067575,125.59483972444221,125.58754970961161,213.73696145124717,125.57369614512471
1,4,483,84.96394488960505,144.61582370102406,614.3327705809336,613.7023841409386,126.16030366842561,126.18668235317288,612.8095238095239,126.22774327122153
1,5,450,79.34847024083138,135.2288702428341,1015.8650654981534,1015.2331438541177,125.78226826845085,125.73601625979721,1014.3377777777778,125.66666666666667
1,6,455,80.16180622577667,136.604226693511,1215.5748643479487,1214.9628110242625,125.92222758467082,125.927310992707,1214.098901098901,125.93406593406593
1,7,461,82.05937367677689,138.8603037595749,1415.182430008768,1414.5223755287996,125.46982878740906,125.48678887626006,1413.5661605206074,125.50976138828634
1,8,467,82.26175590604544,140.01931785047054,1614.9355101864676,1614.2870245537222,125.8857944440471,125.90985069865245,1613.3661670235547,125.94218415417559
1,9,453,81.52314028143883,137.7348134815693,1816.20079134222,1815.593520085413,126.23083116637541,126.28035126126049,1814.7152317880796,126.35099337748345
1,10,442,77.31048922240734,132.07186989486217,414.72046441628817,414.0979532808117,126.60766921153085,126.61282215912624,413.21945701357464,126.61538461538461
1,11,463,83.69295593351126,141.31238275766373,1215.0643051449122,1214.4185311521173,175.472279323392,175.4634655078231,1213.4838012958962,175.4449244060475
1,12,424,75.27936045825481,127.96131837368011,414.4840234479143,413.89631674446986,175.50372853617532,175.49633130262396,413.0589622641509,175.48584905660377
1,13,447,79.74981185048819,135.25796894729137,1615.3408479197676,1614.7213757237137,176.12889721233282,176.1426262753422,1613.8366890380314,176.15659955257271
1,14,458,82.23753632605076,139.15988382697105,1815.2497639601393,1814.583253338413,175.67458979308398,175.6429979083453,1813.6244541484716,175.59825327510916
1,15,466,83.1310443803668,140.8507053554058,615.3275696150245,614.6714822061513,175.73714208010486,175.68490521993294,613.7296137339056,175.60729613733906
1,16,472,83.49239176511765,142.29384283721447,1015.7496268676044,1015.0688923728171,175.8051214361624,175.7829602371958,1014.103813559322,175.75
1,17,437,78.1079740151763,132.14091709256172,1416.0888663747273,1415.4584296209318,175.4768844619872,175.46061048241708,1414.54233409611,175.43935926773455
1,18,436,77.40437841415405,131.7782405167818,2015.1576283827249,2014.548115014855,176.66760356098158,176.68413264298354,2013.6788990825687,176.70642201834863
1,19,416,76.20988742262125,127.88693073391914,216.3470508426839,215.78829397881597,177.33289659746617,177.32973916622652,214.96394230769232,177.3221153846154
1,20,450,78.74351017922163,134.64298470318317,815.0446350817967,814.417491482687,176.31573096108227,176.32892017260338,813.5377777777778,176.34666666666666
1,21,467,82.19072083383799,140.3478752821684,1014.4242598103438,1013.7446985049845,225.28791175838316,225.28856078162195,1012.7837259100643,225.28907922912205
1,22,463,82.91581430286169,140.4665601849556,415.61413747917715,414.9364507544751,225.81034378060917,225.8168524954688,413.963282937365,225.82721382289418
1,23,461,79.53380589932203,136.67728707194328,1415.6766514114652,1415.0304734407985,225.91497374826898,225.9447600868535,1414.1344902386118,225.9826464208243
1,24,445,79.03363095223904,134.2050353884697,215.28987991166295,214.6674565421064,225.73685699336545,225.74600729284234,213.78426966292136,225.75955056179777
1,25,421,74.30942039936781,126.63210502266884,815.4726941957507,814.8670273558746,225.8287333397581,225.84592596482437,814.0095011876484,225.86935866983373
1,26,459,81.3532439917326,138.40149547159672,1614.8938135169626,1614.2430476783243,225.9404171764441,225.89984170375732,1613.318082788671,225.84313725490196
1,27,459,79.68264028429985,136.79182110726833,1815.2514270898253,1814.6595160632053,226.08134446870983,226.09753551736344,1813.838779956427,226.119825708061
1,28,456,82.10061674565077,138.94662402570248,2015.0367955098575,2014.3688229799789,226.25216631864714,226.24004203893978,2013.4035087719299,226.22149122807016
1,29,451,79.88117805868387,135.8742654621601,616.0556433602162,615.4194109244029,225.56807769568076,225.5784632987206,614.5144124168514,225.59423503325942
1,30,437,77.2174247726798,131.6999008655548,1215.5662866478976,1214.9391891093303,226.40359717498237,226.3962086197565,1214.0526315789473,226.38443935926773
1,31,442,79.43878716230392,134.18950180709362,616.0978653282547,615.4487658847628,274.7438419938047,274.75983207037234,614.5067873303168,274.78506787330315
1,32,460,81.75877162069082,138.56408023834229,215.60643596967134,214.97083538008206,276.4586920246681,276.4784092118797,214.06304347826088,276.5108695652174
1,33,453,79.48979917168617,135.74563193321228,415.500300971786,414.87505106076,276.1827530502007,276.16040585874543,413.9933774834437,276.13024282560707
1,34,450,80.87946834415197,136.70873555541039,816.0553252049133,815.432402104764,275.99306905690645,275.9648255678168,814.5333333333333,275.9222222222222
1,35,429,75.44771349430084,128.74529634416103,1015.5466654856202,1014.8850925757662,276.1572783423749,276.2068787711028,1013.9487179487179,276.28205128205127
1,36,436,77.21878121048212,131.46434710919857,1216.043416585977,1215.4770358488017,276.28195765170716,276.2749892105009,1214.6697247706422,276.26376146788994
1,37,446,79.39714601635933,134.64408326148987,1616.0777836633265,1615.4005651621014,275.1094410612548,275.1314946912828,1614.4304932735427,275.1614349775785
1,38,462,82.44049563258886,139.95371943712234,1815.9302595878496,1815.2725602037451,275.9435476770191,275.9412141492099,1814.3376623376623,275.93939393939394
1,39,434,75.69381147623062,129.82850398123264,2015.3001952591653,2014.625005232439,276.4664828666831,276.4848561675045,2013.6797235023041,276.50921658986175
1,40,474,85.63793376088142,144.4446482360363,1415.0809686261653,1414.3977190404369,277.0543527772688,277.074272096537,1413.402953586498,277.1012658227848
1,41,450,78.52408547699451,134.3091779947281,415.7527632711115,415.1184544037143,325.1501188345722,325.123901498002,414.22444444444443,325.0888888888889
1,42,460,82.35721228271723,139.48856315016747,1015.0249057310498,1014.3852002457886,325.11469353750806,325.100557645632,1013.4673913043479,325.0826086956522
1,43,414,73.44325774163008,124.97631826996803,1215.5052356976043,1214.9057758794952,325.6372083292756,325.65594775910375,1214.0531400966183,325.6835748792271
1,44,469,81.93333452194929,139.81620520353317,1615.594723229319,1614.9223203921447,325.5482572700142,325.5720342603428,1613.9744136460554,325.6055437100213
1,45,452,79.97077717632055,136.28415322303772,2016.156337866901,2015.5555846659236,325.84494717918056,325.82443131718196,2014.703539823009,325.79646017699116
1,46,481,83.6786437407136,143.27454015612602,615.2041754846043,614.5105472658638,325.5099755994027,325.47952578893717,613.5343035343035,325.4345114345114
1,47,456,80.06858793646097,136.74959963560104,815.217631751642,814.6101550121679,325.27973176469453,325.27213258244853,813.7478070175439,325.265350877193
1,48,456,78.66294237226248,135.3138019144535,1815.5829592318125,1814.981676050473,326.11871624247874,326.1487622032701,1814.1513157894738,326.1907894736842
1,49,451,80.15297211706638,135.9719841182232,215.9519693607866,215.33793722361602,326.71215792230953,326.75733840570064,214.46119733924613,326.82039911308203
1,50,481,86.18928690254688,145.9516291320324,1414.4119714876488,1413.7579687933921,326.53745417971936,326.5263966010017,1412.8149688149688,326.5114345114345
1,51,427,74.63917027413845,127.6310218423605,416.3621436541464,415.70816287365386,375.9731990880411,375.9252934386215,414.78922716627636,375.85948477751754
1,52,455,81.70580457150936,138.2353549450636,1214.9865255232764,1214.361280745819,376.4123720629433,376.36830660302184,1213.454945054945,376.3076923076923
1,53,473,81.01551923900843,139.39696323871613,1615.4521902007873,1614.777727242547,375.217976483055,375.20899995475764,1613.8435517970402,375.19873150105707
1,54,456,82.02156101167202,138.6148623228073,1814.9506985265357,1814.2774714059037,376.1634114921988,376.1691097429675,1813.3048245614036,376.17763157894734
1,55,461,83.34176979213953,140.8175170123577,2015.746936470105,2015.113935602275,375.7098599093352,375.6944900766367,2014.1952277657267,375.6767895878525
1,56,430,76.0113660171628,129.53830783069134,216.06828496113593,215.4691964276474,377.0407389062156,377.0480772623011,214.61627906976744,377.0581395348837
1,57,475,83.84276863187551,142.97041258215904,614.1080846725707,613.4554340036743,375.9979354648385,376.05210283599166,612.5305263157895,376.12631578947367
1,58,435,78.56046266108751,132.60022896528244,815.1616852021098,814.5141457465621,375.83754225177586,375.81632622301686,813.5724137931035,375.783908045977
1,59,429,76.97179917991161,130.30385272204876,1014.4710228531246,1013.8571086889132,377.21723978177255,377.2454221057271,1012.969696969697,377.2843822843823
1,60,426,76.50395838916302,129.63584342598915,1416.3415059640772,1415.7774779786312,377.3510209370176,377.3315574913532,1414.969483568075,377.2981220657277
1,61,442,78.90936022996902,133.99531543254852,215.72752935459835,215.15827734563766,425.5086354084927,425.46970562916823,214.34615384615384,425.41402714932127
1,62,456,82.03948847204447,138.80651578307152,615.2882174295576,614.6769442996018,425.1221203689143,425.0931687742588,613.796052631579,425.05043859649123
1,63,459,80.60114227235317,137.6793622225523,1015.5413368163977,1014.9034056650734,425.5872116502904,425.62137965922193,1014.0065359477125,425.6732026143791
1,64,462,82.42172980308533,139.42070668935776,1615.0601695264647,1614.36804669091,425.7645653691088,425.7854482031591,1613.3679653679653,425.81601731601734
1,65,436,75.9923101440072,130.53131921589375,2015.6594914080256,2015.0738183082865,426.94707358705523,426.99265276362604,2014.2568807339449,427.052752293578
1,66,451,80.55379495769739,136.39432375133038,415.9006862992508,415.31473680660145,426.1996488873556,426.16646104500876,414.46784922394676,426.119733924612
1,67,438,75.30488935112953,129.9155411720276,815.7327759554687,815.1258064540452,425.54065101555886,425.564545281062,814.2876712328767,425.6004566210046
1,68,428,76.36461274325848,129.65784732997417,1216.135528531348,1215.5199403336428,426.3763880622292,426.3270024008598,1214.6378504672898,426.2616822429907
1,69,424,76.09141594171524,128.9492029249668,1415.5161074754903,1414.9182607204866,425.5004816017966,425.4888230390648,1414.058962264151,425.4740566037736
1,70,440,78.54819320142269,133.2795149832964,1815.8537425619952,1815.2023396280044,426.3837232282755,426.35875616574197,1814.2681818181818,426.32045454545454
1,71,448,80.78399190306664,136.60521860420704,215.7947857363599,215.1573809665965,475.70990875971455,475.7022266551321,214.234375,475.68973214285717
1,72,423,73.97054802626371,126.58437471091747,416.22234786775135,415.61701491781184,475.4137342547034,475.4297258830353,414.7635933806147,475.44917257683215
1,73,444,80.49997521191835,135.78835727274418,615.0374530271164,614.4673826798953,475.691494149414,475.7338953510433,613.6396396396397,475.7950450450451
1,74,453,79.93673614412546,136.17036689817905,1015.2411500662382,1014.6149848775786,475.52207492082795,475.5359315489217,1013.7262693156733,475.5540838852097
1,75,435,76.10264489799738,130.2365450412035,1415.1086356383346,1414.4662637165347,475.4826252606747,475.46725561237304,1413.5655172413792,475.4459770114943
1,76,447,76.99115167558193,132.31989043951035,1615.127811951464,1614.418470023422,475.58745914045966,475.58725810671734,1613.4317673378075,475.58165548098435
1,77,440,77.77108551561832,132.85549725592136,2016.215398167339,2015.6416846253944,475.60621301277496,475.6173547051206,2014.8295454545455,475.6363636363636
1,78,456,81.01211350411177,137.77344925701618,815.1091748077254,814.4356087488386,475.5378255080672,475.53025274389006,813.4714912280701,475.51973684210526
1,79,440,77.52982170879841,132.30879689753056,1815.7495769089235,1815.127639287563,475.0505003743691,474.98655911687894,1814.2477272727272,474.8909090909091
1,80,459,81.61707364022732,138.47898092865944,1215.444221144268,1214.825472666326,476.5236866298177,476.51956657521407,1213.9389978213508,476.51416122004355
1,81,447,80.92965561151505,136.33046463131905,1215.828064213791,1215.2174856901383,525.6526814390397,525.6520633597531,1214.3288590604027,525.648769574944
1,82,456,79.65436675399542,136.54630337655544,214.7025891320237,214.07248124569426,525.3317727191939,525.2925494621585,213.1951754385965,525.2390350877193
1,83,431,76.00932115316391,129.6031584739685,415.64599418678654,415.04756601134477,525.7106327147853,525.6946494569415,414.2041763341067,525.6728538283063
1,84,433,74.82770820707083,128.67240393161774,615.416391278622,614.756796217603,525.7929150961578,525.8504157548269,613.8360277136259,525.9284064665127
1,85,432,76.14305064082146,129.86607132852077,816.0750916583821,815.5032123378095,525.892973929866,525.9512261711097,814.6967592592592,526.0324074074074
1,86,447,80.23973236978054,135.78957828879356,1014.7316100371153,1014.1134831329813,526.2610687574802,526.2673193629425,1013.2237136465325,526.2751677852349
1,87,470,83.62722236663103,141.97637897729874,1415.2500534820092,1414.6134610929807,526.891723764205,526.901078866212,1413.7042553191488,526.9148936170212
1,88,442,80.32017813622952,135.28763246536255,1614.99558265963,1614.4245791926774,525.6598425555817,525.6566327177285,1613.5972850678734,525.6538461538462
1,89,450,81.07142581790686,137.20560003817081,1815.507387556951,1814.9048341925254,525.5822069897941,525.5793411743579,1814.0355555555554,525.5733333333334
1,90,448,79.21566843241453,134.9044785350561,2015.9804969382722,2015.292994827538,526.2282448438776,526.1829755010014,2014.3125,526.1183035714286
1,91,434,75.43069965392351,129.5512929111719,215.10030300746234,214.48143045319566,575.7694677196425,575.784459609791,213.6221198156682,575.8041474654378
1,92,437,78.29893961548805,132.93630877137184,1814.97629240725,1814.3753370114646,574.7665513225046,574.7471493544367,1813.517162471396,574.720823798627
1,93,437,78.5326301753521,133.01753284037113,615.0253327011701,614.4721767285725,576.2114843755605,576.2284005470137,613.6773455377574,576.254004576659
1,94,435,77.48455206304789,131.3498436063528,1416.055236912783,1415.4867011127296,575.6281548645352,575.6367932600261,1414.6735632183909,575.648275862069
1,95,444,78.7320800498128,133.93849083781242,815.1614551076614,814.5181225305131,575.8766573695331,575.8967310141547,813.6058558558559,575.927927927928
1,96,449,80.00465201586485,135.80280761420727,1215.1506459341608,1214.519944460149,575.851121013752,575.8201061459156,1213.6124721603564,575.7750556792873
1,97,447,80.61353270709515,136.25511565804482,1616.1125332294941,1615.431370616274,576.1886050596429,576.1832495463366,1614.4429530201342,576.1744966442953
1,98,471,82.81217442452908,141.37598234415054,415.86883690055225,415.1932303863832,575.9728902956549,576.0055910977521,414.2420382165605,576.0530785562632
1,99,440,78.35674070566893,133.0078583061695,1015.4924539606407,1014.8822133933445,576.2108245027157,576.2346860688527,1014.0068181818182,576.2681818181818
1,100,465,83.41865890473127,141.26582722365856,2015.9552427160943,2015.2796068492637,575.9875279067123,575.9693215100181,2014.305376344086,575.941935483871
1,101,457,81.86700155586004,138.53313474357128,415.26352715502236,414.6041393909972,624.2053877679944,624.1748928705376,413.6586433260394,624.1334792122539
1,102,424,75.71755530685186,128.36409528553486,1415.6287449467563,1414.994472407423,624.7170950000134,624.729848206578,1414.0849056603774,624.7452830188679
1,103,426,76.61986602842808,129.7119098007679,216.5440937960043,215.92910653075074,625.6370017233697,625.6779245553872,215.04460093896714,625.7394366197183
1,104,441,78.70206569135189,133.61933307349682,1214.9388720003217,1214.3253141026366,625.435205519391,625.4460649321902,1213.4512471655328,625.4625850340136
1,105,449,79.00999331474304,134.9713283032179,615.817614410039,615.2004985520439,625.9159291677579,625.9199633361515,614.3318485523386,625.924276169265
1,106,457,83.88207843154669,140.61269564926624,1014.5556298036289,1013.9540113370404,626.2666528208264,626.2474939667851,1013.0634573304158,626.218818380744
1,107,440,78.13774138689041,132.9316852837801,815.8939924050053,815.3075608343019,626.4054113685522,626.3822643640087,814.4727272727273,626.3477272727273
1,108,429,77.58043675869703,131.06221084296703,1615.2931463830141,1614.6890637271204,626.4295805424174,626.4467902695121,1613.8135198135199,626.4731934731934
1,109,442,80.23411712795496,135.25577177107334,1814.3075800424567,1813.6564232232167,626.4280216543219,626.4115713414105,1812.70814479638,626.3868778280543
1,110,450,78.92889077216387,134.85731287300587,2015.0618864723074,2014.4489193846164,626.3300209874949,626.2534159268715,2013.5866666666666,626.1466666666666
1,111,471,84.23605450242758,142.84660094976425,1015.5858806063111,1014.9332923942118,675.4222778787105,675.376791758934,1013.9915074309979,675.3099787685775
1,112,430,78.39245922863483,131.8674904704094,1616.464183189547,1615.8300756860822,676.6624315627213,676.6705115614711,1614.9023255813954,676.6813953488372
1,113,467,83.55442078411579,141.49794766306877,415.5792672935841,414.9005807899325,675.7456708904983,675.7741691354638,413.9250535331906,675.8115631691649
1,114,463,83.5495053306222,141.10664530098438,1213.8986926986834,1213.1923782227182,676.78728558805,676.7943563525463,1212.170626349892,676.805615550756
1,115,434,78.06083647161722,132.2056000083685,1815.0959147878582,1814.5365203821632,675.7055808520073,675.7357518232852,1813.73732718894,675.7811059907834
1,116,470,82.88323614001274,141.41890600323677,214.5480591134002,213.899486478326,676.8398099268251,676.867317669598,212.98510638297873,676.9042553191489
1,117,447,80.17301968485117,135.82253716886044,615.7892567822823,615.1773678106651,676.1630419339825,676.1285033456785,614.2975391498882,676.0782997762864
1,118,467,83.0896298289299,141.27392971515656,814.2206261171657,813.4969705855872,676.1536301330467,676.1486777365753,812.4668094218415,676.1434689507495
1,119,442,77.84312058985233,132.78330652415752,1415.690333198225,1415.0997796541562,676.1564447803357,676.1321420484323,1414.2601809954751,676.0995475113123
1,120,443,80.67908509075642,135.80468446016312,2014.54201916737,2013.9829891296267,676.9873570933,677.0152520911353,2013.1625282167042,677.0541760722348
1,121,471,84.19545144587755,142.89788660407066,1815.5216811674843,1814.8679566768783,725.0605953665521,725.0217460805168,1813.9341825902336,724.9660297239915
1,122,447,79.8982667401433,135.65851821005344,215.01636016912832,214.40797081566015,725.9544979076751,725.9777589982797,213.53691275167785,726.0089485458612
1,123,449,79.16023342311382,135.15611484646797,815.3322913805526,814.7354540632576,725.7446351733532,725.6876529800561,813.8997772828508,725.6057906458798
1,124,425,74.6817578971386,127.4422064870596,615.8855325945138,615.3040648742681,725.9848091706621,726.0264471982415,614.484705882353,726.084705882353
1,125,448,78.57303604483604,134.45958623290062,1615.7024164688248,1615.0704174315026,725.2388268193522,725.2171041198667,1614.1808035714287,725.1897321428571
1,126,430,77.66513843089342,131.16081489622593,2015.4692561991396,2014.8342236729216,726.084759580882,726.1108444310623,2013.9093023255814,726.1488372093023
1,127,454,82.20352455973625,138.54938586056232,415.77429863934935,415.15854651204427,726.8747983909938,726.8485828049841,414.26431718061673,726.8105726872246
1,128,465,82.86039328575134,140.7834283709526,1015.7076611005913,1015.0350209761516,725.8188302662003,725.755138117028,1014.0731182795699,725.6645161290322
1,129,445,78.95194705575705,134.25134646892548,1215.8072178205682,1215.1953251160303,726.4161265295113,726.4356404142819,1214.3191011235956,726.4629213483146
1,130,457,81.71872998774052,138.49047030508518,1415.6061715923965,1415.0040579740735,726.2951519799988,726.2978919232288,1414.1378555798688,726.2997811816192
1,131,467,83.97401378303766,141.91778460144997,1215.8145961377743,1215.160101267218,774.8982020878296,774.915040901345,1214.2141327623126,774.9400428265525
1,132,437,77.29692432284355,131.87702724337578,214.15230432950926,213.54631480131744,775.3607504466465,775.3786234202315,212.6887871853547,775.4050343249428
1,133,462,82.27659857273102,139.72834374010563,1414.3293477742004,1413.6824985048963,775.4120372857085,775.440717944123,1412.7597402597403,775.4805194805194
1,134,436,78.45432218164206,132.58094169199467,416.6421898734738,416.0376903685195,775.6660364455532,775.6531320236646,415.1651376146789,775.6353211009174
1,135,441,78.25580021739006,133.14929419755936,1015.0903417124058,1014.4481762764173,776.6154229933388,776.6252544331085,1013.530612244898,776.6371882086167
1,136,443,77.16890198737383,132.1505761742592,1614.9845319554806,1614.352074493361,775.9642025896521,775.9658376071989,1613.4582392776524,775.9683972911964
1,137,438,78.80221065878868,133.33455410599709,1815.8644496854185,1815.2872959566535,776.5168856487572,776.4780108462037,1814.4520547945206,776.4200913242009
1,138,454,79.24394530802965,135.64907321333885,2015.7393082078133,2015.1110945366372,776.4851690166141,776.465797629754,2014.229074889868,776.4383259911895
1,139,444,78.01319772005081,133.0402531325817,615.3771413109959,614.708977144605,776.6051547065299,776.5825760483128,613.7635135135135,776.5518018018018
1,140,445,80.60364640504122,136.1663540005684,815.4976389417014,814.8923194348492,776.1741573884019,776.1609165593115,814.0179775280899,776.1393258426966
1,141,455,81.81097004562616,138.4438390880823,215.11311966301773,214.4381951277034,825.3108149898904,825.3022153730436,213.47032967032968,825.2945054945055
1,142,423,76.24032833427191,128.6355231255293,615.9492481557634,615.3599800200353,826.4737979758388,826.4709506750788,614.5035460992908,826.4657210401891
1,143,438,79.42746574431658,134.04374785721302,1415.1017837514858,1414.5397654011724,824.9098619009042,824.917707973186,1413.7214611872146,824.9292237442922
1,144,457,81.484350964427,138.2425879240036,415.17201001311804,414.525903971248,825.799647324075,825.8026154835426,413.5973741794311,825.8118161925602
1,145,433,77.45249008387327,131.47574597597122,815.2378256440512,814.606852761349,825.5791383709651,825.6371853925176,813.7066974595843,825.7205542725173
1,146,436,76.81249599158764,131.13781958818436,1014.5874578174925,1013.9760512924131,825.346577312081,825.310465862655,1013.1100917431193,825.2591743119266
1,147,434,76.39150039851665,130.28987585008144,1216.1643897109632,1215.5734097504935,825.7354845604666,825.7456015520153,1214.7396313364056,825.7603686635945
1,148,455,80.9533057436347,137.60585969686508,1815.1563034682756,1814.4915220654334,825.8176631798004,825.8016168763756,1813.5428571428572,825.778021978022
1,149,413,74.13032745569944,125.41423653066158,2015.5897113082196,2015.030663375565,825.6961094948698,825.6635832094175,2014.2203389830509,825.6174334140436
1,150,436,77.5285712108016,131.7832763940096,1616.121215468684,1615.5462464341506,826.4555831759681,826.4641487269799,1614.7201834862385,826.4747706422019
1,151,467,82.94721880555153,140.92761127650738,415.45069367416176,414.7905437659207,876.2909097832137,876.2822171067661,413.85010706638116,876.2655246252676
1,152,438,76.44515135139227,130.8151217699051,1015.7840440547486,1015.1682743738138,876.0907201864612,876.1069446256766,1014.3013698630137,876.1324200913242
1,153,430,75.53575787693262,128.98066693544388,1215.4572619987975,1214.8242944226097,875.4323539579865,875.3870557860716,1213.9279069767442,875.3232558139534
1,154,474,83.41745693981647,142.26520219445229,615.191014295754,614.4971687283027,875.848230845619,875.859064607353,613.5168776371308,875.873417721519
1,155,433,75.71517299115658,129.57821014523506,815.3163558949562,814.6918477041255,876.3433922148829,876.3142678937188,813.8175519630485,876.2748267898384
1,156,448,78.8330796211958,134.60859084129333,1415.8889578163169,1415.2437974152253,875.7274603092611,875.718483127992,1414.3325892857142,875.7053571428571
1,157,452,78.81220695376396,134.89443804323673,1615.2720418666443,1614.6024450279747,876.3769202020625,876.3867459626887,1613.6615044247787,876.4026548672566
1,158,447,78.64316456019878,134.221240401268,1815.5331973375398,1814.8868662345474,876.5114154667868,876.4762567067362,1813.9731543624162,876.427293064877
1,159,450,79.87551635503769,135.67197696864605,2016.566003789987,2015.9620772713445,876.4771955732857,876.4975540604457,2015.091111111111,876.5266666666666
1,160,466,82.61010009050369,140.4023802280426,215.2517812464127,214.61183782453085,876.9301275693773,876.9322448974216,213.7038626609442,876.9356223175965
1,161,445,79.13682629168034,134.65624453127384,615.8774659517863,615.2453296666507,924.8748970440093,924.8836348752621,614.3483146067416,924.8921348314607
1,162,451,80.41008552908897,136.326878875494,215.4292658706557,214.79558106324183,926.1833128329882,926.1970916851874,213.8891352549889,926.2150776053215
1,163,440,77.30821599066257,132.19041752815247,415.08153369914953,414.4762375398166,925.2056659830015,925.1650095369746,413.625,925.1090909090909
1,164,460,79.06399548053741,136.1418782621622,1215.1330972280168,1214.4660182545422,926.3020288747068,926.3610350973355,1213.541304347826,926.445652173913
1,165,448,80.06301877647638,135.65699212253094,1415.7484197332078,1415.1037961611894,926.2759676749819,926.2884574798693,1414.174107142857,926.3102678571429
1,166,448,79.6436074450612,135.3480582535267,1814.6401697228584,1814.0350970301142,925.5441970752732,925.543735284522,1813.171875,925.5401785714286
1,167,442,76.0968037173152,130.98754869401455,816.5249185176671,815.9064246435529,926.1600038725574,926.1295285699439,815.052036199095,926.0882352941177
1,168,449,79.85468807071447,135.56159311532974,1015.8088158940742,1015.184916880785,926.0962025998482,926.100725245524,1014.293986636971,926.109131403118
1,169,448,79.06163086742163,134.6983139961958,1614.8087653408788,1614.2094103359323,926.1466599430795,926.144578149365,1613.359375,926.1383928571429
1,170,462,81.29758147895336,138.6285039782524,2015.6375194664604,2014.9261382911131,926.4342638421406,926.405565132438,2013.9155844155844,926.3636363636364
1,171,450,78.62340544164181,134.64507527649403,214.81443681049208,214.17879627192335,976.2998787924158,976.2620424001085,213.2888888888889,976.2088888888889
1,172,446,79.2456087693572,134.57172513008118,1015.1214898881882,1014.468655281729,976.4206657303798,976.3758976777607,1013.5336322869955,976.3094170403588
1,173,467,82.80463773012161,140.67006930708885,1414.214759379164,1413.5511203999831,976.2091688232292,976.1781531902703,1412.5974304068523,976.134903640257
1,174,430,77.2064388692379,130.6219424456358,1616.1203325006127,1615.5447083738052,975.6949110432079,975.66301848091,1614.7162790697676,975.6162790697674
1,175,433,77.32812997698784,131.46274492144585,615.4076037349805,614.7731011335055,976.3916724531608,976.3815360761521,613.8660508083141,976.3672055427252
1,176,428,73.28259660303593,126.33546981215477,814.5734810790707,813.9441468918975,976.1145850088179,976.1223276536354,813.0771028037383,976.1308411214953
1,177,435,77.32958044856787,131.18713665008545,1216.339527455437,1215.774724857746,975.0023127965723,974.9768800835707,1214.9701149425287,974.9379310344827
1,178,454,81.80231723189354,138.3142290264368,2015.51954583328,2014.85042037677,976.2658344472671,976.2710645716561,2013.8810572687225,976.2797356828194
1,179,468,84.987304456532,143.47328908741474,415.36989692196676,414.77887880580306,976.7919812482869,976.8074070883644,413.9273504273504,976.8311965811965
1,180,460,81.55699753016233,138.78677055239677,1814.7576254270405,1814.108093209949,977.0947618669373,977.095167975023,1813.1804347826087,977.0978260869565
1,181,436,77.67742405086756,131.70125903189182,1415.9556127905582,1415.3731905100776,1024.6862475913606,1024.6611064978931,1414.5366972477063,1024.6284403669724
1,182,435,77.56327103078365,131.90412758290768,615.6373951406778,615.0610833382989,1024.6405019088697,1024.6416256147786,614.2390804597701,1024.6436781609195
1,183,434,76.3904015570879,130.24982054531574,1816.3948841486638,1815.754785361409,1026.0073903553164,1026.0214998385638,1814.847926267281,1026.036866359447
1,184,466,82.41388390958309,140.45755711197853,2016.2287176857392,2015.6178330714624,1026.1266444806492,1026.111008116651,2014.75321888412,1026.0858369098712
1,185,444,77.90279868990183,133.23408849537373,214.4977155228354,213.87975898953007,1026.133001210816,1026.157841572809,213.01126126126127,1026.1914414414414
1,186,461,80.52753343433142,137.99790945649147,415.32175218381946,414.64155064098924,1026.5911260524383,1026.6024334359208,413.69197396963125,1026.6182212581346
1,187,459,80.35039253532887,137.31419835984707,814.8089499322344,814.2014881640373,1027.2153836138284,1027.2230177237714,813.3507625272331,1027.2331154684096
1,188,480,85.43050093203783,145.10270853340626,1015.2808629589513,1014.5798571484753,1026.152367712818,1026.1745995961971,1013.5791666666667,1026.2083333333333
1,189,428,76.17682112753391,129.3095139414072,1215.1598484353615,1214.5384509142516,1027.00789785189,1026.9954499018602,1213.6518691588785,1026.9766355140187
1,190,431,76.95992826670408,130.5758909881115,1616.0818153047214,1615.4498477370767,1026.475371335354,1026.4765066472116,1614.5475638051043,1026.4779582366589
1,191,457,81.6527489721775,138.58471040427685,215.5099359137033,214.86938144926333,1075.7937412289339,1075.8067474968277,213.95185995623632,1075.8249452954049
1,192,441,78.24046564847231,133.190203666687,2015.7441066872675,2015.1186531183673,1075.82860264443,1075.8165424760139,2014.2290249433106,1075.8004535147393
1,193,451,80.64785239100456,137.0231632888317,615.0458522360643,614.3761179564566,1075.992580095031,1076.02032681655,613.4190687361419,1076.0620842572062
1,194,439,78.13942124694586,132.67515048384666,1016.4244431836406,1015.7542440536176,1076.1662929362826,1076.121300553387,1014.7972665148063,1076.0569476082005
1,195,443,80.9974506944418,136.035156711936,1216.2101373608116,1215.588970315197,1075.5033985334826,1075.496018871915,1214.6794582392777,1075.4853273137699
1,196,442,77.94402783364058,132.968047529459,1615.3670845684176,1614.7405388812463,1076.0164839292765,1076.0401191795809,1613.8574660633485,1076.0746606334842
1,197,433,77.27447842806578,131.24884416162968,415.14736351324194,414.5103864022825,1076.4073654100534,1076.4301262517888,413.6004618937644,1076.461893764434
1,198,418,76.04812692850828,127.80762976408005,816.1062732913439,815.5415812771313,1076.5728660304612,1076.5802730022965,814.7129186602871,1076.590909090909
1,199,443,79.31107211858034,134.10205218195915,1415.639706302553,1414.994972903293,1076.563715427045,1076.5606952771057,1414.0699774266366,1076.5553047404064
1,200,436,79.3490494787693,133.70798835158348,1816.1664033841257,1815.5900563518283,1076.6105812586889,1076.6377030780075,1814.75,1076.676605504587
1,201,454,82.78364069759846,139.35999071598053,215.62483737269207,215.03379990821037,1126.0620632222506,1126.0719475632413,214.1718061674009,1126.0837004405287
1,202,449,80.87971168011427,136.8228426128626,615.4957477224299,614.8913120155266,1126.200170088426,1126.1667313977543,614.0178173719377,1126.118040089087
1,203,443,79.15007116645575,134.24393078684807,815.616774107251,815.0087135577352,1126.1853222055745,1126.1997280893213,814.1331828442438,1126.2144469525958
1,204,457,81.3046792075038,137.78135360777378,1415.0619058382572,1414.3458068169773,1125.749876046679,1125.7637537227756,1413.3150984682713,1125.7833698030634
1,205,426,75.84899574518204,128.99533070623875,1815.907796883773,1815.362093369665,1125.9314387259262,1125.9551479672705,1814.5845070422536,1125.9906103286385
1,206,469,82.54028835892677,140.8595403432846,414.7317000522178,414.032307170303,1126.1139412542811,1126.1083095082108,413.0426439232409,1126.1023454157782
1,207,470,82.67421890795231,141.08973835408688,1015.6049287579225,1014.8668094423615,1125.9068130774567,1125.8766586617817,1013.827659574468,1125.8361702127659
1,208,431,77.11592178046703,130.86030380427837,1615.3640696001128,1614.7205407452911,1126.1758889202613,1126.1495260573306,1613.7958236658933,1126.1113689095127
1,209,427,76.64728713780642,129.70257151126862,1215.2788876951568,1214.6787316104164,1126.7223715475918,1126.7156654696917,1213.8173302107728,1126.7072599531616
1,210,418,74.6884864717722,126.63945978879929,2015.3182357892777,2014.7682955013695,1127.7009381055227,1127.71824693239,2013.9784688995214,1127.7416267942583
1,211,431,75.93092033267021,129.58057518303394,2016.016108683373,2015.4629846778828,1175.2617566513322,1175.2297389900007,2014.6821345707656,1175.185614849188
1,212,445,77.82184874266386,133.13907092809677,1015.1585446045066,1014.5204849136182,1175.8119693186095,1175.7952740490648,1013.6247191011236,1175.7730337078651
1,213,424,73.71214059740305,126.104127779603,1415.20536029626,1414.6397321319714,1175.8077003146432,1175.792071835696,1413.8419811320755,1175.7665094339623
1,214,429,74.29790129512548,127.54979783296585,216.08215334614724,215.52465015769351,1176.06846807429,1176.079544787218,214.74592074592076,1176.090909090909
1,215,443,79.08485416322947,134.3051648736,414.9121145521611,414.2575679425957,1175.6752775535163,1175.6761713627834,413.3160270880361,1175.6772009029346
1,216,461,81.76192694157362,139.15050001442432,616.4939682006332,615.8933952478343,1175.4788707662726,1175.499826628477,615.0368763557484,1175.531453362256
1,217,463,82.7166692763567,140.10139617323875,1215.752719544805,1215.0541600641823,1175.7533341716571,1175.763406362364,1214.0475161987042,1175.77969762419
1,218,407,71.83506336808205,122.51245880126953,815.6552190635355,815.1231302748249,1175.8011052311467,1175.7887521587434,814.3685503685504,1175.7714987714987
1,219,438,77.08830143511295,131.5818416774273,1615.1095106885373,1614.5011677693572,1175.869809703264,1175.8983256307326,1613.6392694063927,1175.9383561643835
1,220,436,78.07122657448053,132.31609033048153,1815.8610473762224,1815.2554826961955,1176.870996146624,1176.8420740292393,1814.380733944954,1176.802752293578
1,221,449,79.48952440917492,135.2827342748642,615.6923123838143,615.0399447059309,1225.782064986978,1225.7842596383496,614.1113585746102,1225.7884187082404
1,222,455,81.9474475979805,138.79989318549633,815.7794446687974,815.0769086172774,1225.3133490850187,1225.319671037869,814.0681318681319,1225.3274725274725
1,223,456,82.16687157005072,138.8047305047512,1214.9109683801978,1214.2848612760047,1225.4970403587083,1225.5307185055908,1213.3793859649122,1225.578947368421
1,224,458,80.94259584695101,137.81461821496487,1815.0199270908258,1814.3578634987987,1225.6816804962803,1225.696942022868,1813.414847161572,1225.7205240174671
1,225,446,78.5601879581809,134.13858278095722,214.92443420566914,214.331126781641,1225.9095868332438,1225.9381623193237,213.49551569506727,1225.982062780269
1,226,429,75.93377602100372,129.21263439953327,415.91066484992376,415.3098288171847,1225.6989508131787,1225.6614550100892,414.45454545454544,1225.6083916083917
1,227,450,78.86457431316376,134.78437466919422,1015.2482369954921,1014.5884452278702,1226.3957296046124,1226.4233265236408,1013.66,1226.4622222222222
1,228,452,80.13768163323402,136.3362326323986,1414.4699020173523,1413.8284217982764,1225.5766711533563,1225.5843237598658,1412.9181415929204,1225.5929203539822
1,229,463,81.79508632421494,139.32892352342606,1615.2230966739476,1614.6032530521484,1226.0674038518832,1226.0661329758457,1613.7213822894169,1226.0669546436286
1,230,443,78.89277363568544,134.11161966621876,2015.1398461572358,2014.477296455831,1226.0144093844176,1225.9791512259424,2013.528216704289,1225.9277652370204
1,231,435,74.65412201732397,128.80311289429665,215.58912925701998,214.97169495461927,1275.6585665281234,1275.6662513174804,214.1126436781609,1275.6758620689654
1,232,450,80.52538289874792,136.436911419034,415.1271268464218,414.4950203969629,1276.0380111688617,1276.0409382585556,413.58444444444444,1276.0422222222223
1,233,442,79.29670912027359,134.2733044475317,615.7931735838544,615.1598682734789,1276.2304080977985,1276.2228344234281,614.2466063348417,1276.210407239819
1,234,434,76.33963416516781,130.51081082224846,815.4009802270897,814.7923439094743,1275.9183084705282,1275.927334024567,813.9354838709677,1275.9400921658987
1,235,455,81.18362765014172,137.6902265548706,1614.8343744032088,1614.1960918988727,1276.6460783044263,1276.6431501449545,1613.279120879121,1276.6395604395605
1,236,466,82.59981582313776,140.30347147583961,1814.9453350531505,1814.3260414412987,1275.8695842359016,1275.8767681337997,1813.4399141630902,1275.8862660944205
1,237,433,78.66004294157028,132.58487871289253,1016.2394636416984,1015.6437886002763,1276.2594327249353,1276.2102212530012,1014.7782909930716,1276.136258660508
1,238,437,76.06338533014059,130.30449378490448,1215.7401692500844,1215.139337118771,1276.0997493805883,1276.0856239369978,1214.3020594965676,1276.066361556064
1,239,434,76.14450107514858,130.17082458734512,1415.748593749887,1415.2140487158429,1276.43057319165,1276.4373419997257,1414.4608294930877,1276.442396313364
1,240,458,82.53928396850824,139.7509423494339,2015.4066433064386,2014.7784866879902,1276.846912623018,1276.8901898312222,2013.877729257642,1276.9541484716158
1,241,452,79.58611109852791,135.7814449518919,615.989784251023,615.3903415738273,1325.9092179052677,1325.9388929838374,614.54203539823,1325.9823008849557
1,242,455,78.81653914600611,135.48899050056934,1015.8659640352323,1015.2003729661849,1324.9060037992276,1324.8700568987751,1014.2747252747253,1324.821978021978
1,243,459,80.80761352181435,138.0904859751463,2016.6120994955536,2015.9442308916505,1325.7274982165995,1325.7139726304647,2015.0021786492375,1325.6949891067538
1,244,411,70.9713873937726,122.08329890668392,216.60569928507493,216.04196530250402,1326.5503204765225,1326.497637029399,215.25790754257906,1326.4233576642337
1,245,453,79.6091088578105,136.13072404265404,815.7993292365705,815.1848175701127,1326.0108737136402,1326.0325242021904,814.3222958057395,1326.0662251655629
1,246,443,78.0700681656599,133.06184466183186,1215.9580381935027,1215.3363443878,1325.6526786223333,1325.6460279387745,1214.4604966139955,1325.6297968397291
1,247,449,82.03480391949415,137.95925813913345,1415.5455198287589,1414.9305445347827,1326.7508833057234,1326.7377672840116,1414.0289532293987,1326.7193763919822
1,248,443,77.90473802387714,132.89240854233503,414.6693901572916,414.0918379129102,1325.8413726231597,1325.853150334003,413.27539503386004,1325.8713318284424
1,249,446,77.6390331685543,133.0418095588684,1615.0924744187953,1614.4326800509923,1326.085039467259,1326.0814155952794,1613.5089686098654,1326.0762331838564
1,250,434,77.51235242187977,131.39035640656948,1815.5792698773992,1814.988939646565,1325.9657929563077,1325.9845882949717,1814.1359447004609,1326.0115207373271
1,251,440,78.7161364108324,133.31737245619297,415.1774879604544,414.5384806751586,1375.5942085450313,1375.6012940002038,413.6227272727273,1375.6113636363636
1,252,450,78.88230454921722,134.87182396650314,616.1543870632436,615.4599931474235,1376.227592658237,1376.2318415611635,614.48,1376.2355555555555
1,253,446,79.76291869580746,135.30321191251278,1415.7532404170593,1415.133790468381,1375.3215918324336,1375.3481549131384,1414.2466367713005,1375.3856502242152
1,254,459,80.95438906550407,138.15902917087078,2016.5772045929646,2015.9633331412754,1376.4380330633837,1376.4664751917776,2015.0915032679738,1376.5098039215686
1,255,456,81.22082741558552,138.0582284629345,215.0720668572824,214.46949482379074,1376.1278064154853,1376.0999799194617,213.60745614035088,1376.0592105263158
1,256,439,78.10485722869635,132.69565895199776,815.1580351742534,814.5834619988133,1376.1456137942666,1376.1740463983865,813.760820045558,1376.2141230068337
1,257,433,76.85064300149679,130.74314472079277,1214.7745114432228,1214.2160389375179,1376.5502424491276,1376.5638653009426,1213.429561200924,1376.5842956120093
1,258,462,81.23590388149023,138.64402221143246,1614.6942163936003,1614.0923487345083,1375.882601143704,1375.884682276625,1613.2402597402597,1375.8852813852814
1,259,429,75.18864722549915,128.42027911543846,1815.5941915624626,1815.0242952050185,1375.498205379886,1375.5715548833348,1814.2214452214453,1375.6759906759908
1,260,442,76.31540428102016,131.2003966420889,1016.039994094536,1015.4016507777884,1376.0105385926777,1375.999142501188,1014.5158371040724,1375.9841628959275
1,261,444,78.13604748994112,133.40595084428787,214.95542726393427,214.3286273844739,1426.1786838740436,1426.2029258584316,213.44819819819818,1426.2387387387387
1,262,432,78.13935975730419,132.0135959982872,615.3131749629256,614.7552386045044,1426.6850987789946,1426.7027905364923,613.9444444444445,1426.724537037037
1,263,450,78.7447475194931,134.48236839473248,1014.8919392347103,1014.278000356906,1425.7164787277634,1425.7294664317205,1013.4155555555556,1425.7488888888888
1,264,434,77.3473396524787,131.42891596257687,1215.4747480646533,1214.851093103128,1426.2103146041982,1426.2223797606557,1213.958525345622,1426.2465437788019
1,265,436,77.94949093461037,132.20642422139645,1415.0564227267168,1414.501845763413,1426.4051847663666,1426.3949607075378,1413.7087155963302,1426.380733944954
1,266,431,77.90572925657034,131.46874177455902,1616.1831282202118,1615.5955126131657,1425.9227551936845,1425.892282245961,1614.740139211137,1425.84686774942
1,267,453,79.77276176959276,135.94819536805153,414.6607393362234,414.01540434108085,1425.8298462875216,1425.8125980914838,413.10596026490066,1425.7880794701987
1,268,434,76.21823229640722,130.1572593897581,815.9382924157949,815.3131576785391,1426.0961371075268,1426.0938641984046,814.4308755760369,1426.0921658986176
1,269,440,78.60088364779949,133.40801110863686,1815.3767616145958,1814.767355646041,1426.8516049873838,1426.870775063227,1813.8909090909092,1426.8977272727273
1,270,442,78.20215013623238,133.28297847509384,2015.0004046886904,2014.37981785237,1426.5428079991116,1426.5494008987414,2013.4954751131222,1426.5565610859728
1,271,425,77.6590661033988,130.63021273911,615.582850164143,615.0136641775003,1475.974183930979,1475.9695162349753,614.1811764705882,1475.964705882353
1,272,448,77.84446500986814,133.48484034836292,1814.6167567952289,1813.974545166689,1475.4464556796622,1475.461737509889,1813.0714285714287,1475.484375
1,273,424,74.95940970629454,127.78944070637226,2015.180614578311,2014.5788135663984,1475.1684337652268,1475.2086465158131,2013.7264150943397,1475.2665094339623
1,274,454,79.89455822110176,136.40334153175354,215.52197161146188,214.9428928273206,1476.1083569438545,1476.13437264852,214.12775330396477,1476.1740088105728
1,275,459,80.9327526986599,137.84661635756493,816.363348458215,815.7127098944798,1476.042848995402,1476.0830612658806,814.7843137254902,1476.1416122004357
1,276,450,81.13469123840332,136.97465482354164,1014.8123071708757,1014.2177643616436,1476.2151879258918,1476.213101812837,1013.3533333333334,1476.2088888888889
1,277,444,79.54859083145857,134.8371406942606,1214.9715681115129,1214.3665327943,1475.9943846469719,1476.0044198222267,1213.4887387387387,1476.0202702702702
1,278,449,78.87862671166658,134.71732644736767,1616.2414809235465,1615.6165469425102,1476.2647751448524,1476.223813132994,1614.7349665924276,1476.164810690423
1,279,458,80.69788735359907,137.57715748250484,415.57138815944495,414.9443662033377,1476.6423863300122,1476.6464016318348,414.05458515283846,1476.6528384279477
1,280,450,79.75995848327875,135.7701227813959,1415.1627860528313,1414.5614226970056,1476.0622788791688,1476.0826026256143,1413.7,1476.111111111111
1,281,444,80.84192999452353,136.1471425741911,215.10270221728172,214.49560550241767,1525.4404140200738,1525.430207532357,213.61036036036037,1525.4166666666667
1,282,443,79.23132689297199,134.24615861475468,615.8050646353128,615.2691488903286,1525.8001933962107,1525.7590338885345,614.4966139954853,1525.7020316027088
1,283,456,81.80983994156122,138.58231461048126,1215.0906063942011,1214.4447531927765,1525.259525665777,1525.2736405152327,1213.515350877193,1525.2938596491229
1,284,438,79.83207378536463,134.16842903196812,1415.2818204188561,1414.6464930979782,1525.5030006156676,1525.4752017815358,1413.716894977169,1525.4292237442921
1,285,462,82.33038821071386,139.67971321940422,414.82329859323164,414.1268953851092,1525.8116612224749,1525.8252072621199,413.12987012987014,1525.844155844156
1,286,437,75.81087723374367,130.1639123260975,1016.1889723706362,1015.6015594719528,1526.3411036980172,1526.3459698682598,1014.7848970251716,1526.3524027459955
1,287,454,82.63108246773481,139.0074617266655,1815.8552049922353,1815.261343703174,1526.7021338556856,1526.704899771592,1814.396475770925,1526.7114537444934
1,288,480,86.57730982452631,146.08442817628384,814.9639559767464,814.265814277047,1526.3165760203703,1526.3166933428995,813.25625,1526.3125
1,289,451,80.49620752036572,136.42455165088177,1615.3373158442525,1614.7210570060781,1526.9475849215087,1526.9765595792871,1613.8381374722837,1527.0221729490022
1,290,434,76.9006617963314,130.9199664145708,2015.581514922367,2015.0087108962296,1526.6037885413373,1526.6019084306745,2014.1958525345622,1526.5990783410139
1,291,467,82.27197441458702,140.3789426535368,214.38204597551862,213.7577689687781,1575.8641211641468,1575.8948340238203,212.87366167023555,1575.9400428265524
1,292,450,78.47794188559055,134.25696168839931,414.9457845302735,414.3141816863516,1575.9574902068973,1575.9644984989172,413.4244444444444,1575.9755555555555
1,293,447,80.38742689788342,135.8885480761528,814.7849587542685,814.1907561062573,1575.5333241787214,1575.5164850735114,813.331096196868,1575.4921700223713
1,294,440,78.21216111630201,132.8289311826229,1015.4946536841139,1014.8678855404246,1576.5044460930426,1576.559114101879,1013.9704545454546,1576.6386363636364
1,295,453,80.78559388965368,137.18544302880764,1214.9979985605949,1214.3372349141937,1575.734581465248,1575.742648629334,1213.3951434878588,1575.7527593818984
1,296,445,80.31311392784119,135.80291439592838,2015.7544456555852,2015.1116040863933,1575.8967489789788,1575.865044824568,2014.1820224719102,1575.8179775280898
1,297,448,81.45288842916489,136.96606421470642,1615.1097511060464,1614.4455050551596,1576.010371645725,1575.980692889584,1613.4732142857142,1575.9375
1,298,453,80.24527580291033,136.2858015447855,1815.5514783621982,1814.9729572527924,1575.8440225123616,1575.853403072174,1814.1479028697572,1575.867549668874
1,299,451,79.4934461414814,135.46837554872036,614.8585932075193,614.2161839747497,1577.1454849858887,1577.1369292596792,613.3059866962305,1577.1241685144123
1,300,439,78.55828043818474,132.9728388339281,1414.863627218559,1414.2787013392542,1576.4807537981042,1576.4232041935006,1413.4373576309795,1576.3416856492026
1,301,461,82.12768620252609,139.56139500439167,415.2279930331848,414.5365675971447,1625.621280981148,1625.6624947160437,413.5488069414317,1625.7180043383948
1,302,454,81.37077821791172,137.77985829114914,615.6449616803,615.02547401193,1625.3864011627722,1625.366229856807,614.1299559471365,1625.3370044052863
1,303,447,81.24690441787243,136.907835572958,1215.1408073390369,1214.5081125146835,1625.3499262406326,1625.3169681403538,1213.586129753915,1625.2706935123042
1,304,453,78.9784233495593,135.17410551011562,1415.7776453892961,1415.1560870190108,1624.9118844266964,1624.9564661984023,1414.2847682119204,1625.0198675496688
1,305,438,78.04261884838343,132.4103306531906,1816.0532319067745,1815.4630789834143,1625.7119877987789,1625.693826838477,1814.6164383561643,1625.6712328767123
1,306,439,76.80547703057528,131.53386755287647,2015.8942596956467,2015.2687245469533,1625.014783332256,1625.059983493341,2014.3917995444192,1625.125284738041
1,307,406,72.81637194752693,123.26773470640182,215.76187956306362,215.2061355142493,1626.42057279487,1626.4134552910052,214.4064039408867,1626.4039408866995
1,308,463,83.02445869892836,140.56377501785755,815.7644311511281,815.1050091132099,1626.2634822184912,1626.2466682260683,814.1555075593952,1626.2224622030237
1,309,468,81.85093442350626,139.91754053533077,1014.53135553869,1013.9127682728928,1626.988520206109,1627.0057140563451,1013.0448717948718,1627.025641025641
1,310,422,75.21774388849735,127.71891357004642,1615.5145345477792,1614.923110929364,1625.9504097607935,1625.9220915911978,1614.0734597156397,1625.8791469194314
1,311,468,85.97834656387568,144.4189668148756,415.8243181948365,415.1505187217321,1676.5356939184494,1676.5486712158513,414.1645299145299,1676.5662393162393
1,312,452,79.93197430670261,136.09559746086597,615.388742500429,614.7420212523905,1675.5555421051129,1675.5231066195445,613.8230088495575,1675.475663716814
1,313,454,81.20898684114218,137.79183688759804,2015.0139969221225,2014.3666926005055,1675.189760281865,1675.1880773776525,2013.4383259911895,1675.1850220264316
1,314,453,78.67865841090679,134.9988711476326,215.09083482985378,214.438405200047,1676.7234192602014,1676.699206204885,213.52980132450332,1676.664459161148
1,315,444,79.15385580807924,134.2969711869955,1815.7684556287536,1815.160391051682,1675.9360187051852,1675.922706601333,1814.2905405405406,1675.8986486486488
1,316,449,79.4193472713232,135.22662688791752,815.5069689877635,814.8616680881286,1676.0733148896645,1676.1166604801356,813.9465478841871,1676.1804008908687
1,317,422,74.6955200061202,126.96833729743958,1016.0120281536281,1015.4789539980894,1676.4888229752935,1676.497794465706,1014.718009478673,1676.5094786729858
1,318,466,82.57453169673681,140.44249622523785,1214.5094537079847,1213.856057739549,1675.828263823602,1675.8147261195427,1212.9291845493563,1675.7961373390558
1,319,465,83.25741926580667,140.98852516710758,1415.2864496367213,1414.6402845168595,1676.8469043713403,1676.8136891851543,1413.7139784946237,1676.7655913978494
1,320,440,77.66864853352308,132.51409150660038,1615.6641395076135,1615.0841717879375,1676.985930674398,1676.9560930011758,1614.2681818181818,1676.9136363636364
1,321,441,77.30141058564186,132.09826810657978,1214.5355104084206,1213.9529058384658,1725.5241354037062,1725.528769927109,1213.1315192743764,1725.5328798185942
1,322,463,81.25435176491737,138.9880217462778,414.7398347182804,414.05471094673385,1725.748246393502,1725.751787333179,413.09071274298054,1725.755939524838
1,323,462,80.88076569885015,138.25793860852718,1414.760438013224,1414.0757029147298,1726.3167125653752,1726.2964809359612,1413.112554112554,1726.2640692640693
1,324,448,80.3318819180131,136.0505078136921,215.9945805043339,215.34922157028632,1726.0630707263947,1726.0532122339794,214.41517857142858,1726.0379464285713
1,325,425,74.21438848227262,126.95951783657074,615.7923612880458,615.1943280358139,1726.0995892022606,1726.0711112072465,614.36,1726.030588235294
1,326,465,80.88221394270658,138.8093384951353,1614.4563014467813,1613.8018342572861,1725.7833021435447,1725.7957880036847,1612.8924731182797,1725.8150537634408
1,327,459,81.3555481955409,138.46849757432938,1815.2722845311164,1814.626248535376,1726.2500104936812,1726.2383959580616,1813.710239651416,1726.2222222222222
1,328,451,81.20430149137974,137.35931977629662,2015.6598004468617,2015.044687962981,1726.2364280611125,1726.2929226835026,2014.1574279379158,1726.3769401330378
1,329,473,83.48248940706253,142.11274902522564,815.4109339416116,814.7515073824939,1726.6246458187245,1726.6312393887201,813.8139534883721,1726.6427061310783
1,330,434,77.51650203764439,131.35796104371548,1015.8194753498714,1015.240641852602,1726.505489308307,1726.4892497384756,1014.4078341013825,1726.4654377880183
1,331,449,80.06370628625154,135.79571236670017,2015.2883912314685,2014.6436246207113,1775.7821691516322,1775.782635443704,2013.7149220489978,1775.7839643652562
1,332,434,76.96720627695322,130.99261458218098,416.23940264225496,415.65139219193946,1775.7605446109083,1775.7583567409201,414.815668202765,1775.7557603686637
1,333,449,80.36777351796627,136.09681871533394,615.5625952114651,614.9220674135141,1776.1116406013468,1776.1240649174406,614.0,1776.140311804009
1,334,440,76.3466235473752,131.00538636744022,1015.8760345040836,1015.2138498930574,1776.5282150815344,1776.5382780679552,1014.290909090909,1776.55
1,335,464,82.08219835162163,139.84728772938251,1213.5945030765267,1212.9459835336154,1777.1414415025872,1777.1034749871465,1212.0258620689656,1777.0474137931035
1,336,421,73.14143662154675,125.4432594627142,1615.8630398680848,1615.2623583342247,1776.086362643077,1776.0551322474405,1614.4228028503562,1776.0118764845606
1,337,410,73.44995577633381,124.42174410820007,1815.883965358033,1815.3263839661506,1776.67156454064,1776.688892986221,1814.5243902439024,1776.7121951219513
1,338,438,78.21290680021048,132.65062946081161,215.7895134985705,215.14617278338542,1776.2408875097601,1776.2227742179136,214.2214611872146,1776.1986301369864
1,339,432,75.64800396561623,129.17822548747063,815.1221784685358,814.5482675709507,1775.9359515915255,1775.9324379190161,813.738425925926,1775.9259259259259
1,340,430,76.63844971358776,130.0897988975048,1415.2698333059802,1414.6943046231295,1775.5396144190238,1775.5181218329944,1413.8697674418604,1775.4883720930231
1,341,451,81.88242720812559,138.01895189285278,215.78041783619787,215.1661690501151,1825.9909915308197,1825.996221144357,214.27272727272728,1826.0022172949002
1,342,410,72.43652867525816,123.54645588994026,615.6687183918212,615.1059644984654,1825.3827899586388,1825.3519867540842,614.3121951219512,1825.3048780487804
1,343,446,77.94631618261337,133.43411903083324,1815.7996100822052,1815.1888038417796,1825.8842424595468,1825.8851775537432,1814.3363228699552,1825.8878923766815
1,344,440,78.13041692227125,132.90121315419674,2016.041979904903,2015.4271097864196,1825.6287843646253,1825.6302678704744,2014.5545454545454,1825.6318181818183
1,345,445,78.77787351608276,134.07325844466686,415.23283879200034,414.56708496056297,1825.9609395669347,1825.957021286668,413.6179775280899,1825.9550561797753
1,346,474,82.55432838201523,141.32432994246483,814.6151621097184,813.9297806178765,1826.5874838610835,1826.6173199489965,812.9662447257384,1826.6582278481012
1,347,462,81.09265071153641,138.59951183199883,1015.0566239774597,1014.3717782328616,1826.0713656745736,1826.0728822363674,1013.4069264069265,1826.0714285714287
1,348,446,79.61518051475286,135.1091020554304,1214.9940911245499,1214.372625616572,1825.7975544500098,1825.7790733838212,1213.4798206278026,1825.7511210762332
1,349,443,78.76505513489246,133.9470815360546,1415.6073469708483,1414.9624548107213,1826.6559536199554,1826.634666453514,1414.0428893905191,1826.6049661399547
1,350,449,79.94499011337757,135.5731594711542,1615.365427502115,1614.7685864676869,1825.9241064350017,1825.9256569634522,1613.913140311804,1825.9309576837416
1,351,426,74.2958288192749,126.96371407806873,1616.0611779254427,1615.4801867476494,1875.4324368599266,1875.4189676143721,1614.661971830986,1875.3990610328638
1,352,440,76.73970974981785,131.51873053610325,1215.1115415917434,1214.5212231523542,1874.920465302091,1874.9120053525378,1213.6954545454546,1874.9
1,353,448,79.70166923105717,135.41109319031239,215.01449539242665,214.36370212192352,1875.7788409606949,1875.777019046179,213.43526785714286,1875.779017857143
1,354,458,80.28384856134653,137.1784387230873,415.5893306798414,414.91130311517713,1875.9090666676357,1875.9136725300762,413.9541484716157,1875.9213973799126
1,355,480,88.35661754012108,148.22639806568623,614.9618385237735,614.2773727854506,1875.814698167677,1875.836439850584,613.26875,1875.8666666666666
1,356,456,80.37253084033728,137.05626003444195,1015.5042656249567,1014.9042011955021,1876.0541079291509,1876.021867447898,1014.0526315789474,1875.9758771929824
1,357,437,76.74929169565439,131.07589825987816,1415.914947917228,1415.3134463892118,1875.8233255454782,1875.855043601056,1414.4668192219679,1875.8993135011442
1,358,438,75.96183738857508,130.34422852098942,2016.3130313664526,2015.6594058973442,1877.1474426797545,1877.1786551761154,2014.7488584474886,1877.2237442922374
1,359,442,78.51236548274755,133.5532004237175,814.970406218682,814.3863931552111,1875.6625352496278,1875.7258418862941,813.5542986425339,1875.8190045248869
1,360,460,80.6822916045785,137.7737237662077,1814.728719904588,1814.0999019633384,1877.1438072916874,1877.1623174003512,1813.2152173913043,1877.1869565217391
1,361,450,78.00163013488054,133.99128703773022,816.0190739796661,815.3614321701934,1925.0166900782945,1925.026098496126,814.4422222222222,1925.04
1,362,444,78.43451534211636,133.57555522024632,1016.2878593004756,1015.6317013410289,1925.4362879362077,1925.4981206046991,1014.7027027027027,1925.5855855855855
1,363,453,80.9700003489852,137.1649348437786,215.357454714404,214.73054099173055,1925.7293538890406,1925.7406140764308,213.83222958057394,1925.757174392936
1,364,452,80.85955546051264,136.99761943519115,2014.8371037677184,2014.1337705862334,1925.7765895736827,1925.7796240392825,2013.1194690265486,1925.783185840708
1,365,458,81.49608615040779,138.1990389674902,415.5530953873915,414.90910042358087,1926.0216430706553,1926.0003490215865,413.98471615720524,1925.971615720524
1,366,450,80.57413521409035,136.73615631461143,615.1095828196881,614.4862991859619,1925.9126009798545,1925.9362353770232,613.5933333333334,1925.9688888888888
1,367,428,76.18277096748352,129.46723152697086,1215.5667913511413,1215.0174737041793,1925.6463424852877,1925.6271566296316,1214.231308411215,1925.6004672897195
1,368,430,76.17805843055248,129.355901196599,1615.3243881019084,1614.739664761523,1925.6654833776074,1925.6876958684768,1613.9116279069767,1925.7209302325582
1,369,435,78.97157028317451,133.03648436069489,1815.0098468113538,1814.4364310229416,1925.3307209621112,1925.3185730761418,1813.6045977011495,1925.2988505747126
1,370,443,77.88236626982689,132.99075271189213,1416.226221818804,1415.5383243051692,1926.5653231208125,1926.5807762686284,1414.5733634311512,1926.6004514672686
1,371,472,82.86880196630955,141.3649045228958,216.0985759331215,215.39645905187146,1975.5544984498442,1975.5642903850817,214.40254237288136,1975.5783898305085
1,372,423,75.99443213641644,128.32353708148003,1616.6362400363735,1616.037661820742,1976.23259041784,1976.236372754799,1615.174940898345,1976.2364066193854
1,373,457,78.87515112012625,135.58574840426445,2013.5800320715052,2012.9305715844957,1976.034990356793,1976.0727180174101,2012.0262582056894,1976.1269146608315
1,374,457,81.82377281785011,138.46852810680866,415.41653901274606,414.8264759564613,1975.8477312481657,1975.9167440515193,413.980306345733,1976.0153172866521
1,375,438,79.3240690305829,133.79395735263824,614.9060985754776,614.3484268801001,1976.0037045808212,1975.990223414789,613.5388127853881,1975.972602739726
1,376,455,82.58490650355816,139.19771111011505,815.137865514411,814.4849585457181,1975.9296733713788,1975.8912238678054,813.5296703296704,1975.8351648351647
1,377,460,81.41098750382662,138.39742122590542,1014.2828330314217,1013.653818053515,1976.6050437261606,1976.613913308999,1012.7630434782609,1976.628260869565
1,378,454,79.32434317469597,135.81589974462986,1215.486633004749,1214.8188643535207,1975.1842753181304,1975.2241741871412,1213.8810572687225,1975.2797356828194
1,379,470,84.06939630955458,142.4853282123804,1415.6910678495492,1415.0178507313346,1976.7549955987388,1976.713388507755,1414.0489361702128,1976.6531914893617
1,380,441,77.55353458970785,132.4465707540512,1815.0946846104937,1814.4594181230154,1976.0063996343617,1976.0235803724704,1813.5668934240364,1976.047619047619
1,381,452,79.12722795456648,135.40131203830242,1415.222692306017,1414.5692458149742,2025.621456570838,2025.598166341621,1413.654867256637,2025.5641592920354
1,382,458,80.99642843008041,137.7863125950098,215.33550132117497,214.71983203421436,2025.3029058736952,2025.2693336567754,213.84061135371178,2025.2227074235807
1,383,434,77.05645821988583,130.93131908774376,415.1559762939591,414.5118389364893,2025.1340253653846,2025.1319319281854,413.58986175115206,2025.126728110599
1,384,456,81.81872258335352,138.39111921191216,815.1199555639635,814.4392492081612,2026.2122915224736,2026.222282647497,813.4605263157895,2026.2368421052631
1,385,426,73.20941407978535,126.00282289087772,1814.5654470578834,1813.9231934964066,2025.545985947855,2025.588312574497,1813.0352112676057,2025.650234741784
1,386,477,85.13046279549599,144.48198671638966,614.8851313787176,614.1827176197154,2026.7138096644576,2026.71964646699,613.1781970649895,2026.7337526205451
1,387,451,79.71164987236261,135.66359943151474,1016.6352684383172,1016.0004989468607,2025.8389748409168,2025.8360725634361,1015.09977827051,2025.8292682926829
1,388,458,80.05979725718498,137.0148013830185,1214.8814278098614,1214.2459216915126,2026.2765945644082,2026.2803557940936,1213.353711790393,2026.2860262008733
1,389,452,78.84744212776423,134.7882810384035,1614.5115080431347,1613.914656388459,2026.1144366308797,2026.0842648512191,1613.070796460177,2026.0398230088495
1,390,456,82.25621417164803,138.8275122344494,2015.6460986396587,2015.0024967998268,2025.7817033997346,2025.8214973555555,2014.0679824561403,2025.8793859649122
1,391,428,74.52693937718868,127.54860769212246,1015.5402859530781,1014.9215175218901,2075.192517064558,2075.1699072006313,1014.053738317757,2075.13785046729
1,392,457,80.84238988161087,137.39612402021885,215.25772237627814,214.64535355990807,2075.5362036703773,2075.556280889026,213.77242888402625,2075.5864332603937
1,393,433,78.08573846518993,131.98175030946732,1415.2420774780298,1414.6307120569443,2076.4571947160275,2076.4135715834723,1413.7459584295611,2076.35103926097
1,394,451,80.76272462308407,136.52899946272373,1615.0000872814005,1614.3945528211468,2076.3932171906995,2076.402165963795,1613.5166297117516,2076.4146341463415
1,395,441,78.61707500368357,133.21287868916988,2015.690277770821,2015.0666305719146,2076.4536869427793,2076.486389976352,2014.1632653061224,2076.532879818594
1,396,413,73.42307165265083,124.67956034839153,415.8116191988847,415.2064423993531,2076.282387977216,2076.283427904643,414.3414043583535,2076.283292978208
1,397,465,81.32172076404095,139.00572209060192,615.8020682789671,615.1850350293317,2076.466267889369,2076.5017810626387,614.3139784946237,2076.552688172043
1,398,464,82.36069186776876,139.87019146978855,815.2670441327659,814.6184380249276,2075.953090386845,2075.9596247983177,813.6939655172414,2075.969827586207
1,399,456,80.80268384516239,137.4472877085209,1215.5132688383235,1214.9066897812374,2076.626133974519,2076.6139114876833,1214.0394736842106,2076.5986842105262
1,400,457,82.57761742174625,139.09631502628326,1815.7726282979659,1815.1545385107418,2075.9783461186207,2075.954908673812,1814.2494529540481,2075.92341356674
